ad_name,file,format,seconds,placements,primary_text,headline,description,cta_button,url,audience,status,approvals_needed
coach-pocket_a_9x16_v1,coach-pocket_a_9x16_v1.mp4,9x16,20.2,"FB Reels, IG Reels, Stories, Reels overlay","A free 1:1 Health Coach comes with every CheqUp membership. Message or call for the everyday moments, not just check-ins.","Your Coach, whenever you need","Free 1:1 coaching, included",LEARN_MORE,https://chequp.com/how-it-works?utm_source=meta&utm_medium=paid_social&utm_campaign=chequp_method&utm_content=coach-pocket_a_9x16_v1,Women 35–64,HOLD,placeholder text still present; stat
consult-flow_a_9x16_v1,consult-flow_a_9x16_v1.mp4,9x16,21.6,"FB Reels, IG Reels, Stories, Reels overlay","Answer a few questions about you and your health. A Clinician reviews them and talks you through your options. No pressure, no judgement.",Here’s how it works,Check if CheqUp is right for you,LEARN_MORE,https://chequp.com/how-it-works?utm_source=meta&utm_medium=paid_social&utm_campaign=chequp_method&utm_content=consult-flow_a_9x16_v1,"Prospects, women 35–64",READY,
coach-pocket_live_4x5_v1,coach-pocket_live_4x5_v1.mp4,4x5,10.37,"FB Feed, IG Feed",A free 1:1 Health Coach comes with every CheqUp membership. Message or call whenever you need.,"Your Coach, whenever you need","Free 1:1 coaching, included",LEARN_MORE,https://chequp.com/how-it-works?utm_source=meta&utm_medium=paid_social&utm_campaign=chequp_method&utm_content=coach-pocket_live_4x5_v1,Women 35–64,HOLD,review
coach-pocket_live_1x1_v1,coach-pocket_live_1x1_v1.mp4,1x1,10.37,"Audience Network, Marketplace",A free 1:1 Health Coach comes with every CheqUp membership. Message or call whenever you need.,"Your Coach, whenever you need","Free 1:1 coaching, included",LEARN_MORE,https://chequp.com/how-it-works?utm_source=meta&utm_medium=paid_social&utm_campaign=chequp_method&utm_content=coach-pocket_live_1x1_v1,Women 35–64,HOLD,review
method-20_live_4x5_v1,method-20_live_4x5_v1.mp4,4x5,10.37,"FB Feed, IG Feed","Your own Clinician, a free 1:1 Health Coach and the WeightWatchers app, all in one membership.",The CheqUp Method,See if it’s right for you,LEARN_MORE,https://chequp.com/how-it-works?utm_source=meta&utm_medium=paid_social&utm_campaign=chequp_method&utm_content=method-20_live_4x5_v1,Women 35–64,HOLD,WeightWatchers brand; review
method-20_live_1x1_v1,method-20_live_1x1_v1.mp4,1x1,10.37,"Audience Network, Marketplace","Your own Clinician, a free 1:1 Health Coach and the WeightWatchers app, all in one membership.",The CheqUp Method,See if it’s right for you,LEARN_MORE,https://chequp.com/how-it-works?utm_source=meta&utm_medium=paid_social&utm_campaign=chequp_method&utm_content=method-20_live_1x1_v1,Women 35–64,HOLD,WeightWatchers brand; review
consult-flow_live_4x5_v1,consult-flow_live_4x5_v1.mp4,4x5,10.37,"FB Feed, IG Feed",Answer a few questions about you and your health. A Clinician reviews them and talks you through your options.,Here’s how it works,Check if CheqUp is right for you,LEARN_MORE,https://chequp.com/how-it-works?utm_source=meta&utm_medium=paid_social&utm_campaign=chequp_method&utm_content=consult-flow_live_4x5_v1,Women 35–64,HOLD,review
consult-flow_live_1x1_v1,consult-flow_live_1x1_v1.mp4,1x1,10.37,"Audience Network, Marketplace",Answer a few questions about you and your health. A Clinician reviews them and talks you through your options.,Here’s how it works,Check if CheqUp is right for you,LEARN_MORE,https://chequp.com/how-it-works?utm_source=meta&utm_medium=paid_social&utm_campaign=chequp_method&utm_content=consult-flow_live_1x1_v1,Women 35–64,HOLD,review
ww-included_live_4x5_v1,ww-included_live_4x5_v1.mp4,4x5,10.37,"FB Feed, IG Feed","Every CheqUp membership includes the WeightWatchers app, plus your own Clinician and Health Coach.","WeightWatchers, included","One membership, everything included",LEARN_MORE,https://chequp.com/how-it-works?utm_source=meta&utm_medium=paid_social&utm_campaign=chequp_method&utm_content=ww-included_live_4x5_v1,Women 45–65+,HOLD,WeightWatchers brand; review
ww-included_live_1x1_v1,ww-included_live_1x1_v1.mp4,1x1,10.37,"Audience Network, Marketplace","Every CheqUp membership includes the WeightWatchers app, plus your own Clinician and Health Coach.","WeightWatchers, included","One membership, everything included",LEARN_MORE,https://chequp.com/how-it-works?utm_source=meta&utm_medium=paid_social&utm_campaign=chequp_method&utm_content=ww-included_live_1x1_v1,Women 45–65+,HOLD,WeightWatchers brand; review
method-20_a_9x16_v1,method-20_a_9x16_v1.mp4,9x16,23.22,"FB Reels, IG Reels, Stories, Reels overlay","Your own Clinician, a free 1:1 Health Coach and the WeightWatchers app, all in one membership. Care that’s about you, not just the scales.",The CheqUp Method,See if it’s right for you,LEARN_MORE,https://chequp.com/how-it-works?utm_source=meta&utm_medium=paid_social&utm_campaign=chequp_method&utm_content=method-20_a_9x16_v1,Women 35–64,HOLD,WeightWatchers brand; stat
six-months_a_9x16_v1,six-months_a_9x16_v1.mp4,9x16,23.0,"FB Reels, IG Reels, Stories, Reels overlay","Six months of Clinician-led support, a free Health Coach and the WeightWatchers app. Commit to six months and save £120 on your membership.",Save £120 over 6 months,Membership from £109 a month,GET_OFFER,https://chequp.com/how-it-works?utm_source=meta&utm_medium=paid_social&utm_campaign=chequp_method&utm_content=six-months_a_9x16_v1,Warm audiences and retargeting,HOLD,WeightWatchers brand; price
ww-included_a_9x16_v1,ww-included_a_9x16_v1.mp4,9x16,20.3,"FB Reels, IG Reels, Stories, Reels overlay","Every CheqUp membership includes the WeightWatchers app: recipes, meal plans and nutrition targets, plus your own Clinician and Health Coach.","WeightWatchers, included","One membership, everything included",LEARN_MORE,https://chequp.com/how-it-works?utm_source=meta&utm_medium=paid_social&utm_campaign=chequp_method&utm_content=ww-included_a_9x16_v1,Women 45–65+,HOLD,WeightWatchers brand; stat
