creative_slug,video_id,source,title,created_time,width,height,aspect,fps,duration,has_audio,lufs_integrated,shot_cuts,avg_shot_len_s,mean_brightness_yavg,dominant_colours,shot_cuts_scene0.15,joined_spend_gbp,joined_purchases,joined_cpa_gbp
03,912803641651328,variant_fallback,03 Grid.mp4,1773438822,720,720,1:1,24.0,13.737,y,-14.2,0,13.74,134.4,#483325:24%;#856e5b:24%;#ada291:22%;#c6c2b2:18%;#e1e3d8:11%,0,,,
autumn,1112062977151718,master,Autumn.mp4,1757700406,720,1280,9:16,29.838,8.729,y,-14.3,0,8.73,111.6,#3c1c1e:27%;#5f3b34:26%;#aa6f60:22%;#ede9dd:16%;#d4afa4:8%,0,,,
big-changes-in-weight-loss-news-one-to-use,2864540630403413,master,Big changes in weight loss news ONE TO USE.mp4,1755160723,720,1280,9:16,30.0,18.62,y,-14.8,0,18.62,130.4,#462b28:30%;#c29e93:25%;#bfaba3:24%;#96685b:11%;#ccbfb9:10%,0,,,
chequp-2,2259726191489372,master,Chequp-2.mp4,1788950848,720,1280,9:16,30.0,13.418,y,-14.8,0,13.42,118.2,#ddc2ad:26%;#503030:26%;#b07c75:19%;#774f49:17%;#663ba0:12%,0,,,
chequp-b-goals,1386674476856810,master,CheqUp_B_goals_9x16.mp4,1781620764,720,1280,9:16,30.0,10.111,y,-14.1,0,10.11,94.1,#210849:25%;#c3bfbe:24%;#5a36a3:19%;#7f6290:19%;#3b256b:12%,3,,,
chequp-ltn-2026-07-jul-wk3-ad1,1642321753531075,variant_fallback,CheqUp_LTN_2026-07_JUL_WK3_Ad1_1x1.mp4,1784194328,720,720,1:1,30.0,25.108,y,-14.7,1,12.55,71.0,#1c063e:32%;#5531b1:25%;#31146a:21%;#baa2a2:11%;#7a5695:11%,3,,,
chequp-pillar1-04-up-your-street,1690247969067078,master,CheqUp_PILLAR1-04_up-your-street_9x16.mp4,1781275007,720,1280,9:16,30.0,10.111,y,-14.1,0,10.11,74.1,#1e0742:27%;#422299:27%;#aea0af:22%;#2f1b46:19%;#59387b:6%,1,,,
chequp-pl2-b-goals,3874772776163086,master,CheqUp_PL2-B_goals_9x16.mp4,1781794710,720,1280,9:16,30.0,10.111,y,-14.1,0,10.11,92.2,#210948:29%;#7f5f93:23%;#4b2d89:20%;#cac7cf:18%;#aaa099:9%,3,8200.58,49,167.36
chequp-product-video-v1,1549197836810597,master,Chequp Product Video V1_9x16.mp4,1781191026,720,1280,9:16,30.0,10.111,y,-14.1,0,10.11,95.6,#8c72e9:26%;#bfb7e2:25%;#1f0849:23%;#2e1b63:16%;#4d309f:9%,2,5673.79,32,177.31
chequp-review-v3-3,24505907839002173,master,Chequp review v3_3.mp4,1753867811,720,720,1:1,25.0,15.124,y,-70.0,0,15.12,171.2,#fd7142:39%;#fafaf9:31%;#e4af99:13%;#fd6f3f:9%;#f37245:8%,0,,,
pricead,1176779343954236,variant_fallback,PriceAd - Grid.mp4,1763996169,720,900,4:5,30.0,13.311,y,-14.4,0,13.31,114.3,#080706:26%;#66513c:23%;#e9b389:21%;#c1926d:20%;#eedcc3:9%,1,,,
vd,1937437950551766,auto_crop_fallback,Auto_Cropped_AR_IG_9_X_16_V3_VD-1080x1080.mp4,,716,1276,9:16,30.0,10.122,y,-14.1,0,10.12,156.5,#d7bafa:44%;#b098b8:29%;#604f5b:18%;#d1b5f1:8%;#dabff6:2%,1,,,
vd-pl1-a-2026-07-wk4,2178697962989117,master,VD_PL1-A_2026-07_WK4_1080x1920.mp4,1785420889,720,1280,9:16,30.0,12.116,y,-14.1,1,6.06,97.7,#1a0239:33%;#7e5baf:27%;#ac92cb:15%;#4e2d7d:13%;#dcd6e6:12%,1,282.5,1,282.5
vd-pl1-methoda-jul-wk1,3273802272827711,variant_fallback,VD_PL1_MethodA_JUL_WK1_1080x1080.mp4,1783587562,720,720,1:1,30.0,10.111,y,-14.1,3,2.53,85.2,#1c023e:32%;#8d8cc3:31%;#6957ae:17%;#2d0d64:15%;#170236:5%,4,2605.14,0,
vd-pl1-methoda-jul-wk2,1362180475878868,master,VD-PL1_MethodA_JUL_WK2-1080x1920.mp4,1783506206,720,1280,9:16,30.0,12.116,y,-14.1,1,6.06,115.1,#250853:28%;#8a84a7:22%;#6c4cc1:20%;#abacc5:17%;#cfd9e7:13%,2,6433.92,43,149.63
vd-pl1-methodb-jul-wk1,1696099888347188,master,VD_PL1_MethodB_JUL_WK1_1080x1920.mp4,1782911279,720,1280,9:16,30.0,10.111,y,-14.1,2,3.37,52.1,#1c0240:34%;#270c5e:28%;#593da2:19%;#0e012a:14%;#1c013c:5%,3,2153.8,13,165.68
vd-pl1-methodb-jun-wk2,2266815707421981,master,VD_PL1_MethodB_JUN_WK2_1080x1920.mp4,1782296255,720,1280,9:16,30.0,10.111,y,-14.1,2,3.37,55.9,#1c023c:33%;#623fcc:26%;#2f1476:19%;#0b0224:14%;#1d0240:8%,3,,,
vd-pl1-wk3,2066504250657688,master,VD_PL1_WK3_1080x1920.mp4,1787139599,720,1280,9:16,30.0,10.217,y,-14.1,0,10.22,160.3,#dfd0e4:29%;#433b3c:27%;#9f90a3:17%;#fbf2ea:15%;#f1e4ea:11%,1,,,
vd-pl2-wk3,1572527821331104,auto_crop_fallback,Auto_Cropped_AR_IG_4_X_5_V3_VD_PL2_WK3_1080x1080.mp4,,720,900,4:5,30.0,10.111,y,-14.1,0,10.11,113.4,#452920:29%;#b891c8:26%;#71577d:22%;#9975a7:14%;#bdb4d7:10%,0,,,
vd-pl3-lifestylea-jul-wk1,1561498938704666,variant_fallback,VD_PL3_LifestyleA_JUL_WK1_1080x1080.mp4,1783522509,720,720,1:1,30.0,10.111,y,-14.1,2,3.37,78.9,#1c023e:36%;#603fa1:26%;#877f9c:20%;#320f69:16%;#150232:2%,4,30397.66,6,5066.28
vd-pl3-lifestylea-jun-wk2,2366113633917120,variant_fallback,VD_PL3_LifestyleA_JUN_WK2_1080x1080.mp4,1783589431,720,720,1:1,30.0,10.111,y,-14.1,3,2.53,91.8,#1c023e:36%;#7f59a4:30%;#a697bd:22%;#361172:11%;#170139:1%,5,,,
vd-pl3-lifestyleb-jun-wk2,1439161654897799,master,VD_PL3_LifestyleB_JUN_WK2_1080x1920.mp4,1782307965,720,1280,9:16,30.0,10.111,y,-14.1,2,3.37,77.6,#22054a:41%;#5038a1:26%;#817fac:22%;#200e23:7%;#0f0d21:4%,4,,,
vd-pl3-wk3,2581357328964629,master,VD_PL3_WK3_1080x1920.mp4,1787140347,720,1280,9:16,30.0,10.111,y,-14.1,0,10.11,212.9,#fbf2e9:70%;#b8a7bf:15%;#ecf4f4:6%;#fbf2e7:5%;#fef5ed:4%,0,,,
