ad_id,ad_name,creative_id,creative_object_type,creative_video_id,matched_creative_slug,match_confidence,spend_gbp,impressions,ctr_all,purchases,cost_per_purchase_gbp,video_plays,thruplays
120247541011530172,TOF | AWARENESS | VIDEO | PILLAR 3 | LIFESTYLE A | JUL_WK1,1935624940408886,SHARE,,vd-pl3-lifestylea-jul-wk1,high,25519.02,5556893,1.00,1,25519.02,5504196,2168012
120247541011560172,TOF | AWARENESS | VIDEO | PILLAR 3 | LIFESTYLE A,2039199910316927,SHARE,,pl3-lifestyle-a (family: vd-pl3-lifestylea-jun-wk2/jul-wk1/jul-wk2),family,18838.26,3979882,1.02,1,18838.26,3945835,1620493
120246801717730172,BOF | CONVERSIONS | VIDEO | PILLAR 1 | METHOD B,1346787680772735,SHARE,,pl1-method-b (family: vd-pl1-methodb-jun-wk2/jul-wk1/jul-wk2),family,15694.69,2742369,0.48,87,180.4,1523435,61568
120249028956990172,UK | CONVERSIONS | VIDEO | PILLAR 1 | METHOD B_Oral pill,1098573609281322,SHARE,,pl1-method-b (family: vd-pl1-methodb-jun-wk2/jul-wk1/jul-wk2),family,14147.5,2062593,0.44,81,174.66,1146544,41542
120249013267250172,UK | CONVERSIONS | VIDEO | KIRSTEN | SEP_WK2,2506410726503036,VIDEO,1086505163839970,,unmatched,7424.71,375434,1.43,25,296.99,306359,11362
120246801739620172,TOF | REACH | VIDEO | PILLAR 3 | LIFESTYLE A,1545529683965250,SHARE,,pl3-lifestyle-a (family: vd-pl3-lifestylea-jun-wk2/jul-wk1/jul-wk2),family,6412.94,4550737,0.0697,1,6412.94,4272339,25990
120246085095210172,BOF | CONVERSIONS | VIDEO | PILLAR 2 | SUPPORT B - GOALS | COPY 1,1799712037710910,SHARE,,chequp-pl2-b-goals,medium,6046.88,971394,0.48,33,183.24,608170,22718
120249028956980172,UK | CONVERSIONS | VIDEO | PILLAR 1 | METHOD B,1152576981052252,SHARE,,pl1-method-b (family: vd-pl1-methodb-jun-wk2/jul-wk1/jul-wk2),family,4194.81,625485,0.56,20,209.74,325465,16158
120247318246350172,TOF | REACH | VIDEO | PILLAR 3 | LIFESTYLE A | JUL_WK1,1513376940259050,SHARE,,vd-pl3-lifestylea-jul-wk1,high,3417.27,2817933,0.0437,0,,2739138,11698
120248793760910172,UK | CONVERSIONS | VIDEO | PILLAR 1 | METHOD B,935148785682475,SHARE,,pl1-method-b (family: vd-pl1-methodb-jun-wk2/jul-wk1/jul-wk2),family,3313.17,860307,0.50,53,62.51,338796,14137
120247532335060172,BOF | CONVERSIONS | VIDEO | PILLAR 1 | METHOD A | JUL_WK2,1505961397958645,SHARE,,vd-pl1-methoda-jul-wk2,high,3239.67,498769,0.43,28,115.7,351172,11789
120245888072760172,BOF | CONVERSIONS | VIDEO | PRODUCT #2,1012023828132464,SHARE,,chequp-product-video-v1,low,3233.75,641289,0.32,19,170.2,325367,8633
120247543410600172,TOF | REACH | VIDEO | PILLAR 3 | LIFESTYLE A | JUL_WK2,1567024481624682,SHARE,,vd-pl3-lifestylea-jul-wk2,high,2768.09,2209407,0.0787,1,2768.09,2073491,10093
120247541011550172,TOF | AWARENESS | VIDEO | PILLAR 1 | METHOD A | JUL_WK1,1380304077372503,SHARE,,vd-pl1-methoda-jul-wk1,high,2592.18,521848,0.99,0,,514848,208330
120247540058110172,BOF | CONVERSIONS | VIDEO | PILLAR 1 | METHOD A | JUL_WK2,1382455357127471,SHARE,,vd-pl1-methoda-jul-wk2,high,2136.34,370092,0.91,11,194.21,262031,20960
120245685827260172,BOF | CONVERSIONS | VIDEO | PRODUCT,1675240120410930,SHARE,,chequp-product-video-v1,low,2022.67,275040,0.38,13,155.59,143412,4722
120248694395800172,BOF | CONVERSIONS | VIDEO | SUPPORT 1 | AUG_WK3,2336282646908488,SHARE,,,unmatched,1853.29,399452,0.48,10,185.33,229584,10644
120248793935090172,UK | CONVERSIONS | VIDEO | PILLAR 2 | SUPPORT B - GOALS | COPY 1,1075307848351557,SHARE,,chequp-pl2-b-goals,medium,1543.68,254247,0.76,12,128.64,149402,8218
120239895340400172,AI Video - £109,1982946809097771,SHARE,,,unmatched,1457.83,56121,1.68,7,208.26,54498,3766
120246801770420172,BOF | CONVERSIONS | VIDEO | PILLAR 3 | LIFESTYLE B,1722136619102122,SHARE,,pl3-lifestyle-b (family: vd-pl3-lifestyleb-jun-wk2/jul-wk2),family,1345.14,205749,0.36,9,149.46,118768,4446
120247788743400172,TOF | AWARENESS | VIDEO | PILLAR 3 | LIFESTYLE A | JUL_WK2,2175943032983352,SHARE,,vd-pl3-lifestylea-jul-wk2,high,1213.59,190950,0.80,0,,189792,92909
120247320127000172,BOF | CONVERSIONS | VIDEO | PILLAR 3 | LIFESTYLE A | JUL_WK1,966479403101062,SHARE,,vd-pl3-lifestylea-jul-wk1,high,1084.59,169104,0.38,4,271.15,105024,4431
120248793760890172,UK | CONVERSIONS | VIDEO | PILLAR 1 | METHOD A | JUL_WK2,2302878110461977,SHARE,,vd-pl1-methoda-jul-wk2,high,1057.91,142902,0.99,4,264.48,98374,8514
120248793761030172,UK | CONVERSIONS | VIDEO | PILLAR 1 | METHOD B | JUL_WK1,1593135882398979,SHARE,,vd-pl1-methodb-jul-wk1,high,909.37,155283,0.84,6,151.56,102456,5559
120247881350790172,BOF | CONVERSIONS | VIDEO | KIRSTEN | JUL_WK3,2089270282018619,SHARE,,,unmatched,765.92,140188,0.51,4,191.48,72309,2871
120247806081720172,TOF | AWARENESS | VIDEO | PILLAR 1 | METHOD A | JUL_WK3,1736996837502103,SHARE,,st-pl1-a-2026-07-wk3,medium,700.48,104649,0.86,0,,103907,50490
120246084587830172,TOF | REACH | VIDEO | PILLAR 3 | LIFESTYLE B - MORE CLARITY | COPY 1,1035019802285763,SHARE,,chequp-pl3-b-more-clarity,high,648.54,432416,0.0400,0,,415530,2240
120247788837110172,TOF | AWARENESS | VIDEO | PILLAR 3 | LIFESTYLE B | JUL_WK2,1625066669230224,SHARE,,vd-pl3-lifestyleb-jul-wk2,high,647.65,108180,0.88,0,,107387,51754
120247319643470172,BOF | CONVERSIONS | VIDEO | PILLAR 1 | METHOD B | JUL_WK1,1795723971589629,SHARE,,vd-pl1-methodb-jul-wk1,high,626.37,87077,0.34,5,125.27,53845,1935
120247490840750172,BOF | CONVERSIONS | VIDEO | PILLAR 1 | METHOD B | JUL_WK1,2276309466440190,SHARE,,vd-pl1-methodb-jul-wk1,high,618.06,122650,0.96,2,309.03,80675,6006
120248732891430172,BOF | CONVERSIONS | VIDEO | PILLAR 2 | SUPPORT B - GOALS | Long-TermSupport_LPtest,1420834046569571,SHARE,,chequp-pl2-b-goals,medium,610.02,99978,0.57,4,152.51,58698,2450
120246007528370172,TOF | REACH | VIDEO | REAL LIFE CHANGE,1749660696073757,SHARE,,,unmatched,542.83,402026,0.0774,0,,348221,2853
120247881350870172,BOF | CONVERSIONS | VIDEO | KIRSTEN | JUL_WK3,2086777111918676,SHARE,,,unmatched,508.6,122718,0.82,3,169.53,64654,6394
120246085095230172,BOF | CONVERSIONS | VIDEO | PILLAR 2 | SUPPORT A - FINISH LINE | COPY 1,1361160745517760,SHARE,,chequp-pl2-a-finish-line,high,419.78,73852,0.31,0,,43850,1532
120240590122450172,Video - Support Services Not Equal 23/06,969096839124269,VIDEO,1108934114732561,,unmatched,405.23,25260,8.40,2,202.62,25081,13528
120245747307450172,TOF | REACH | VIDEO | PRODUCT,1558103315736864,SHARE,,chequp-product-video-v1,low,380.83,273720,0.0862,0,,246621,1639
120247490840730172,BOF | CONVERSIONS | VIDEO | PILLAR 3 | LIFESTYLE A | JUL_WK1,2556460354815802,SHARE,,vd-pl3-lifestylea-jul-wk1,high,376.78,60982,0.99,1,376.78,42168,2866
120246084847620172,TOF | REACH | VIDEO | PILLAR 3 | LIFESTYLE C - SPACE FOR LIFE | COPY 1,974258505235693,SHARE,,chequp-pl3-c-space-for-life,high,368.6,240061,0.0412,0,,233227,934
120247533558790172,BOF | CONVERSIONS | VIDEO | PILLAR 2 | SUPPORT A | JUL_WK2,965655966530741,SHARE,,vd-pl2-supporta-jul-wk2,high,292.77,43449,0.42,1,292.77,24580,878
120247540058060172,BOF | CONVERSIONS | VIDEO | PILLAR 2 | SUPPORT B | JUL_WK2,1015193831321096,SHARE,,vd-pl2-supportb-jul-wk2,high,291.6,54149,0.73,1,291.6,32471,2352
120248119861680172,TOF | AWARENESS | VIDEO | PILLAR 1 | METHOD A | JUL_WK4_PRICING,1549456173574657,SHARE,,vd-pl1-a-2026-07-wk4,high,282.5,48938,0.83,1,282.5,48604,20387
120246085095190172,BOF | CONVERSIONS | VIDEO | PILLAR 3 | LIFESTYLE C - SPACE FOR LIFE | COPY 1,1032497759389313,SHARE,,chequp-pl3-c-space-for-life,high,269.26,54116,0.29,1,269.26,30964,961
120246085095240172,BOF | CONVERSIONS | VIDEO | PILLAR 3 | LIFESTYLE B - MORE CLARITY | COPY 1,1370528758501517,SHARE,,chequp-pl3-b-more-clarity,high,248.49,45947,0.35,1,248.49,24470,936
120246085095270172,BOF | CONVERSIONS | VIDEO | PILLAR 3 | LIFESTYLE A - OFF YOUR MIND | COPY 1,4486335981656030,SHARE,,chequp-pl3-a-off-your-mind,high,243.13,32926,0.39,0,,20528,803
120247540058080172,BOF | CONVERSIONS | VIDEO | PILLAR 2 | SUPPORT A | JUL_WK2,4014941725344256,SHARE,,vd-pl2-supporta-jul-wk2,high,237.48,43302,0.72,1,237.48,28369,1460
120239894582130172,Video - Get Back Your Get Up & Go,1690363975656242,VIDEO,946270051200897,get-back-your-get-up-and-go,high,227.32,14109,2.22,2,113.66,10059,442
120247779116100172,TOF | AWARENESS | VIDEO | KIRSTEN | JUL_WK3,1572813654310161,SHARE,,,unmatched,192.92,23174,1.12,0,,23013,13748
120247538826490172,BOF | CONVERSIONS | VIDEO | PILLAR 2 | SUPPORT B | JUL_WK2,1075919701822341,SHARE,,vd-pl2-supportb-jul-wk2,high,175.9,26810,0.38,1,175.9,15173,693
120239894582760172,Video - £109,5026272840932392,SHARE,,,unmatched,123.53,4551,2.53,1,123.53,4112,167
120239894582460172,Video - Medication Without Support,1976706729626546,VIDEO,1314441854075052,2-medication-without-support (v1/v3),family,55.07,3235,2.07,0,,2179,129
120247490840770172,BOF | CONVERSIONS | VIDEO | PILLAR 3 | LIFESTYLE B,4561134927491042,SHARE,,pl3-lifestyle-b (family: vd-pl3-lifestyleb-jun-wk2/jul-wk2),family,51.88,6829,0.64,0,,5220,257
120240590122430172,Video - Subscriptions | 23/06,965561102818554,VIDEO,1105517518426623,5-subscriptions-are-good-2,medium,49.97,2372,12.02,0,,2357,1414
120246081665500172,TOF | REACH | VIDEO | PILLAR 2 | SUPPORT A - FINISH LINE | COPY 1,1498739925382669,SHARE,,chequp-pl2-a-finish-line,high,46.72,30338,0.0527,0,,29498,160
120245789345830172,TOF | REACH | VIDEO | PRODUCT #2,3500477786769830,SHARE,,chequp-product-video-v1,low,36.54,28074,0.0570,0,,25923,152
120240590122440172,Video - NHS Said No | 23/06,4520514498230962,VIDEO,1429873161924718,11-nhs-said-no (v1/v2),family,18.65,662,9.21,1,18.65,663,344
120247317769330172,TOF | REACH | VIDEO | PILLAR 1 | METHOD A | JUL_WK1,1503861237534617,SHARE,,vd-pl1-methoda-jul-wk1,high,12.96,10776,0.0650,0,,10284,59
120239894582470172,Video - Scales,1417272746368393,SHARE,,,unmatched,6.55,221,2.71,0,,194,10
120239894583010172,Video - Lose More Weight,1549733493242781,SHARE,,,unmatched,4.3,180,2.22,0,,138,13
120239894583030172,Video - Life Moving Faster,2163063514456218,VIDEO,1489793885922885,life-moving-faster-than-you,high,4.11,374,4.55,0,,273,8
120239894582080172,Video - Keep Up With Kids,2523751491392018,VIDEO,1484577886361294,keep-up-with-the-kids,high,3.94,118,2.54,0,,97,3
120239894583070172,Video - No Guesswork,925955050017988,VIDEO,2007525990108359,no-guesswork,high,3.84,351,0.85,0,,254,10
120239894583400172,AI Video | Vox Pop | 13/03,803423782806744,SHARE,,,unmatched,3.22,101,1.98,0,,86,2
120239894583430172,AI Video | Ad Not Big Enough | 13/03,825372043929138,SHARE,,,unmatched,2.65,59,5.08,0,,46,2
120239894582880172,Video - January Reset,1255667793375593,SHARE,,,unmatched,0.35,15,0.00,1,0.35,9,
120239894582750172,Video - Your Hormones Have Changed,26435787026054246,VIDEO,1646593836364997,,unmatched,0.15,8,0.00,0,,7,
120239894582430172,Video - Lightbulb,1439537334574363,SHARE,,,unmatched,0.1,8,25.00,0,,7,3
120239894583020172,Video - Support Is The Strategy,823549356707732,VIDEO,1592581118699605,support-is-the-strategy,high,0.05,4,0.00,0,,1,
